,eventId,sideId,score,rotationNumber,name,abbreviation,logoUrl,leagueId,divisionId,divisionAbbreviation,conferenceAbbreviation,teamPeople,createdOn,createdBy,modifiedOn,modifiedBy,id
19,21883,1,,302,New England Patriots,NE,https://assets.unabated.com/teams/logos/nfl/ne.svg,1,1,,,[],0001-01-01T00:00:00,,0001-01-01T00:00:00,,19
4,21883,0,,301,Buffalo Bills,BUF,https://assets.unabated.com/teams/logos/nfl/buf.svg,1,1,,,[],0001-01-01T00:00:00,,0001-01-01T00:00:00,,4
2,21884,1,,456,Atlanta Falcons,ATL,https://assets.unabated.com/teams/logos/nfl/atl.svg,1,8,,,[],0001-01-01T00:00:00,,0001-01-01T00:00:00,,2
25,21884,0,,455,Pittsburgh Steelers,PIT,https://assets.unabated.com/teams/logos/nfl/pit.svg,1,3,,,[],0001-01-01T00:00:00,,0001-01-01T00:00:00,,25
6,21885,1,,466,Chicago Bears,CHI,https://assets.unabated.com/teams/logos/nfl/chi.svg,1,7,,,[],0001-01-01T00:00:00,,0001-01-01T00:00:00,,6
12,21885,0,,465,Green Bay Packers,GB,https://assets.unabated.com/teams/logos/nfl/gb.svg,1,7,,,[],0001-01-01T00:00:00,,0001-01-01T00:00:00,,12
11,21886,1,,460,Detroit Lions,DET,https://assets.unabated.com/teams/logos/nfl/det.svg,1,7,,,[],0001-01-01T00:00:00,,0001-01-01T00:00:00,,11
15,21886,0,,459,Jacksonville Jaguars,JAX,https://assets.unabated.com/teams/logos/nfl/jax.svg,1,4,,,[],0001-01-01T00:00:00,,0001-01-01T00:00:00,,15
18,21887,1,,452,Minnesota Vikings,MIN,https://assets.unabated.com/teams/logos/nfl/min.svg,1,7,,,[],0001-01-01T00:00:00,,0001-01-01T00:00:00,,18
22,21887,0,,451,New York Jets,NYJ,https://assets.unabated.com/teams/logos/nfl/nyj.svg,1,1,,,[],0001-01-01T00:00:00,,0001-01-01T00:00:00,,22
32,21888,0,,461,Washington Commanders,WAS,https://assets.unabated.com/teams/logos/nfl/was.svg,1,5,,,[],0001-01-01T00:00:00,,0001-01-01T00:00:00,,32
21,21888,1,,462,New York Giants,NYG,https://assets.unabated.com/teams/logos/nfl/nyg.svg,1,5,,,[],0001-01-01T00:00:00,,0001-01-01T00:00:00,,21
31,21889,0,,457,Tennessee Titans,TEN,https://assets.unabated.com/teams/logos/nfl/ten.svg,1,4,,,[],0001-01-01T00:00:00,,0001-01-01T00:00:00,,31
24,21889,1,,458,Philadelphia Eagles,PHI,https://assets.unabated.com/teams/logos/nfl/phi.svg,1,5,,,[],0001-01-01T00:00:00,,0001-01-01T00:00:00,,24
3,21890,1,,454,Baltimore Ravens,BAL,https://assets.unabated.com/teams/logos/nfl/bal.svg,1,3,,,[],0001-01-01T00:00:00,,0001-01-01T00:00:00,,3
10,21890,0,,453,Denver Broncos,DEN,https://assets.unabated.com/teams/logos/nfl/den.svg,1,2,,,[],0001-01-01T00:00:00,,0001-01-01T00:00:00,,10
13,21891,1,,464,Houston Texans,HOU,https://assets.unabated.com/teams/logos/nfl/hou.svg,1,4,,,[],0001-01-01T00:00:00,,0001-01-01T00:00:00,,13
8,21891,0,,463,Cleveland Browns,CLE,https://assets.unabated.com/teams/logos/nfl/cle.svg,1,3,,,[],0001-01-01T00:00:00,,0001-01-01T00:00:00,,8
29,21892,1,,468,Los Angeles Rams,LAR,https://assets.unabated.com/teams/logos/nfl/lar.svg,1,6,,,[],0001-01-01T00:00:00,,0001-01-01T00:00:00,,29
28,21892,0,,467,Seattle Seahawks,SEA,https://assets.unabated.com/teams/logos/nfl/sea.svg,1,6,,,[],0001-01-01T00:00:00,,0001-01-01T00:00:00,,28
27,21893,1,,470,San Francisco 49ers,SF,https://assets.unabated.com/teams/logos/nfl/sf.svg,1,6,,,[],0001-01-01T00:00:00,,0001-01-01T00:00:00,,27
17,21893,0,,469,Miami Dolphins,MIA,https://assets.unabated.com/teams/logos/nfl/mia.svg,1,1,,,[],0001-01-01T00:00:00,,0001-01-01T00:00:00,,17
16,21894,0,,473,Kansas City Chiefs,KC,https://assets.unabated.com/teams/logos/nfl/kc.svg,1,2,,,[],0001-01-01T00:00:00,,0001-01-01T00:00:00,,16
7,21894,1,,474,Cincinnati Bengals,CIN,https://assets.unabated.com/teams/logos/nfl/cin.svg,1,3,,,[],0001-01-01T00:00:00,,0001-01-01T00:00:00,,7
23,21895,1,,,Las Vegas Raiders,LV,https://assets.unabated.com/teams/logos/nfl/lv.svg,1,2,,,[],0001-01-01T00:00:00,,0001-01-01T00:00:00,,23
26,21895,0,,,Los Angeles Chargers,LAC,https://assets.unabated.com/teams/logos/nfl/lac.svg,1,2,,,[],0001-01-01T00:00:00,,0001-01-01T00:00:00,,26
14,21896,0,,475,Indianapolis Colts,IND,https://assets.unabated.com/teams/logos/nfl/ind.svg,1,4,,,[],0001-01-01T00:00:00,,0001-01-01T00:00:00,,14
9,21896,1,,476,Dallas Cowboys,DAL,https://assets.unabated.com/teams/logos/nfl/dal.svg,1,5,,,[],0001-01-01T00:00:00,,0001-01-01T00:00:00,,9
30,21897,1,,478,Tampa Bay Buccaneers,TB,https://assets.unabated.com/teams/logos/nfl/tb.svg,1,8,,,[],0001-01-01T00:00:00,,0001-01-01T00:00:00,,30
20,21897,0,,477,New Orleans Saints,NO,https://assets.unabated.com/teams/logos/nfl/no.svg,1,8,,,[],0001-01-01T00:00:00,,0001-01-01T00:00:00,,20
5,21908,0,,121,Carolina Panthers,CAR,https://assets.unabated.com/teams/logos/nfl/car.svg,1,8,,,[],0001-01-01T00:00:00,,0001-01-01T00:00:00,,5
1,21910,1,,128,Arizona Cardinals,ARI,https://assets.unabated.com/teams/logos/nfl/ari.svg,1,6,,,[],0001-01-01T00:00:00,,0001-01-01T00:00:00,,1
736,26178,0,1,15,Tampa Bay Lightning,TBL,https://assets.unabated.com/teams/logos/nhl/tbl.svg,6,,,,[],0001-01-01T00:00:00,,0001-01-01T00:00:00,,736
729,26178,1,3,16,Boston Bruins,BOS,https://assets.unabated.com/teams/logos/nhl/bos.svg,6,,,,[],0001-01-01T00:00:00,,0001-01-01T00:00:00,,729
749,26180,0,4,13,San Jose Sharks,SJS,https://assets.unabated.com/teams/logos/nhl/sjs.svg,6,,,,[],0001-01-01T00:00:00,,0001-01-01T00:00:00,,749
731,26180,1,0,14,Montreal Canadiens,MTL,https://assets.unabated.com/teams/logos/nhl/mtl.svg,6,,,,[],0001-01-01T00:00:00,,0001-01-01T00:00:00,,731
734,26181,0,3,17,Carolina Hurricanes,CAR,https://assets.unabated.com/teams/logos/nhl/car.svg,6,,,,[],0001-01-01T00:00:00,,0001-01-01T00:00:00,,734
728,26181,1,2,18,Pittsburgh Penguins,PIT,https://assets.unabated.com/teams/logos/nhl/pit.svg,6,,,,[],0001-01-01T00:00:00,,0001-01-01T00:00:00,,728
727,26183,1,3,20,Philadelphia Flyers,PHI,https://assets.unabated.com/teams/logos/nhl/phi.svg,6,,,,[],0001-01-01T00:00:00,,0001-01-01T00:00:00,,727
725,26183,0,1,19,New York Islanders,NYI,https://assets.unabated.com/teams/logos/nhl/nyi.svg,6,,,,[],0001-01-01T00:00:00,,0001-01-01T00:00:00,,725
743,26185,0,0,23,Colorado Avalanche,COL,https://assets.unabated.com/teams/logos/nhl/col.svg,6,,,,[],0001-01-01T00:00:00,,0001-01-01T00:00:00,,743
752,26185,1,5,24,Winnipeg Jets,WPG,https://assets.unabated.com/teams/logos/nhl/wpg.svg,6,,,,[],0001-01-01T00:00:00,,0001-01-01T00:00:00,,752
740,26186,1,2,22,Nashville Predators,NSH,https://assets.unabated.com/teams/logos/nhl/nsh.svg,6,,,,[],0001-01-01T00:00:00,,0001-01-01T00:00:00,,740
746,26186,0,1,21,Anaheim Ducks,ANA,https://assets.unabated.com/teams/logos/nhl/ana.svg,6,,,,[],0001-01-01T00:00:00,,0001-01-01T00:00:00,,746
735,26188,0,2,25,Florida Panthers,FLA,https://assets.unabated.com/teams/logos/nhl/fla.svg,6,,,,[],0001-01-01T00:00:00,,0001-01-01T00:00:00,,735
742,26188,1,4,26,Calgary Flames,CGY,https://assets.unabated.com/teams/logos/nhl/cgy.svg,6,,,,[],0001-01-01T00:00:00,,0001-01-01T00:00:00,,742
737,26190,0,3,27,Washington Capitals,WSH,https://assets.unabated.com/teams/logos/nhl/wsh.svg,6,,,,[],0001-01-01T00:00:00,,0001-01-01T00:00:00,,737
745,26190,1,1,28,Vancouver Canucks,VAN,https://assets.unabated.com/teams/logos/nhl/van.svg,6,,,,[],0001-01-01T00:00:00,,0001-01-01T00:00:00,,745
748,26192,1,0,30,Los Angeles Kings,LAK,https://assets.unabated.com/teams/logos/nhl/lak.svg,6,,,,[],0001-01-01T00:00:00,,0001-01-01T00:00:00,,748
755,26192,0,0,29,Seattle Kraken,SEA,https://assets.unabated.com/teams/logos/nhl/sea.svg,6,,,,[],0001-01-01T00:00:00,,0001-01-01T00:00:00,,755
732,26193,1,,32,Ottawa Senators,OTT,https://assets.unabated.com/teams/logos/nhl/ott.svg,6,,,,[],0001-01-01T00:00:00,,0001-01-01T00:00:00,,732
726,26193,0,,31,New York Rangers,NYR,https://assets.unabated.com/teams/logos/nhl/nyr.svg,6,,,,[],0001-01-01T00:00:00,,0001-01-01T00:00:00,,726
733,26195,1,,34,Toronto Maple Leafs,TOR,https://assets.unabated.com/teams/logos/nhl/tor.svg,6,,,,[],0001-01-01T00:00:00,,0001-01-01T00:00:00,,733
730,26197,0,,35,Buffalo Sabres,BUF,https://assets.unabated.com/teams/logos/nhl/buf.svg,6,,,,[],0001-01-01T00:00:00,,0001-01-01T00:00:00,,730
739,26197,1,,36,Detroit Red Wings,DET,https://assets.unabated.com/teams/logos/nhl/det.svg,6,,,,[],0001-01-01T00:00:00,,0001-01-01T00:00:00,,739
738,26198,1,,38,Chicago Blackhawks,CHI,https://assets.unabated.com/teams/logos/nhl/chi.svg,6,,,,[],0001-01-01T00:00:00,,0001-01-01T00:00:00,,738
744,26198,0,,37,Edmonton Oilers,EDM,https://assets.unabated.com/teams/logos/nhl/edm.svg,6,,,,[],0001-01-01T00:00:00,,0001-01-01T00:00:00,,744
754,26204,0,,,Vegas Golden Knights,VGK,https://assets.unabated.com/teams/logos/nhl/vgk.svg,6,,,,[],0001-01-01T00:00:00,,0001-01-01T00:00:00,,754
724,26205,1,,,New Jersey Devils,NJD,https://assets.unabated.com/teams/logos/nhl/njd.svg,6,,,,[],0001-01-01T00:00:00,,0001-01-01T00:00:00,,724
751,26207,1,,,Minnesota Wild,MIN,https://assets.unabated.com/teams/logos/nhl/min.svg,6,,,,[],0001-01-01T00:00:00,,0001-01-01T00:00:00,,751
741,26209,1,,,St. Louis Blues,STL,https://assets.unabated.com/teams/logos/nhl/stl.svg,6,,,,[],0001-01-01T00:00:00,,0001-01-01T00:00:00,,741
747,26210,1,,,Dallas Stars,DAL,https://assets.unabated.com/teams/logos/nhl/dal.svg,6,,,,[],0001-01-01T00:00:00,,0001-01-01T00:00:00,,747
753,26217,0,,,Arizona Coyotes,ARI,https://assets.unabated.com/teams/logos/nhl/ari.svg,6,,,,[],0001-01-01T00:00:00,,0001-01-01T00:00:00,,753
750,26222,0,,,Columbus Blue Jackets,CBJ,https://assets.unabated.com/teams/logos/nhl/cbj.svg,6,,,,[],0001-01-01T00:00:00,,0001-01-01T00:00:00,,750
71,26743,1,110,522,Detroit Pistons,DET,https://assets.unabated.com/teams/logos/nba/det.svg,3,,,,[],0001-01-01T00:00:00,,0001-01-01T00:00:00,,71
82,26743,0,140,521,New York Knicks,NYK,https://assets.unabated.com/teams/logos/nba/nyk.svg,3,,,,[],0001-01-01T00:00:00,,0001-01-01T00:00:00,,82
72,26745,0,113,523,Golden State Warriors,GSW,https://assets.unabated.com/teams/logos/nba/gsw.svg,3,,,,[],0001-01-01T00:00:00,,0001-01-01T00:00:00,,72
69,26745,1,116,524,Dallas Mavericks,DAL,https://assets.unabated.com/teams/logos/nba/dal.svg,3,,,,[],0001-01-01T00:00:00,,0001-01-01T00:00:00,,69
75,26747,0,25,525,LA Clippers,LAC,https://assets.unabated.com/teams/logos/nba/lac.svg,3,,,,[],0001-01-01T00:00:00,,0001-01-01T00:00:00,,75
87,26747,1,30,526,Portland Trail Blazers,POR,https://assets.unabated.com/teams/logos/nba/por.svg,3,,,,[],0001-01-01T00:00:00,,0001-01-01T00:00:00,,87
85,26749,0,,527,Philadelphia 76ers,PHI,https://assets.unabated.com/teams/logos/nba/phi.svg,3,,,,[],0001-01-01T00:00:00,,0001-01-01T00:00:00,,85
68,26749,1,,528,Cleveland Cavaliers,CLE,https://assets.unabated.com/teams/logos/nba/cle.svg,3,,,,[],0001-01-01T00:00:00,,0001-01-01T00:00:00,,68
84,26752,1,,530,Orlando Magic,ORL,https://assets.unabated.com/teams/logos/nba/orl.svg,3,,,,[],0001-01-01T00:00:00,,0001-01-01T00:00:00,,84
63,26752,0,,529,Atlanta Hawks,ATL,https://assets.unabated.com/teams/logos/nba/atl.svg,3,,,,[],0001-01-01T00:00:00,,0001-01-01T00:00:00,,63
78,26754,0,,531,Miami Heat,MIA,https://assets.unabated.com/teams/logos/nba/mia.svg,3,,,,[],0001-01-01T00:00:00,,0001-01-01T00:00:00,,78
64,26754,1,,532,Boston Celtics,BOS,https://assets.unabated.com/teams/logos/nba/bos.svg,3,,,,[],0001-01-01T00:00:00,,0001-01-01T00:00:00,,64
79,26756,0,,533,Milwaukee Bucks,MIL,https://assets.unabated.com/teams/logos/nba/mil.svg,3,,,,[],0001-01-01T00:00:00,,0001-01-01T00:00:00,,79
92,26759,0,,535,Washington Wizards,WAS,https://assets.unabated.com/teams/logos/nba/was.svg,3,,,,[],0001-01-01T00:00:00,,0001-01-01T00:00:00,,92
65,26759,1,,536,Brooklyn Nets,BKN,https://assets.unabated.com/teams/logos/nba/bkn.svg,3,,,,[],0001-01-01T00:00:00,,0001-01-01T00:00:00,,65
89,26761,0,,537,San Antonio Spurs,SAS,https://assets.unabated.com/teams/logos/nba/sas.svg,3,,,,[],0001-01-01T00:00:00,,0001-01-01T00:00:00,,89
83,26761,1,,538,Oklahoma City Thunder,OKC,https://assets.unabated.com/teams/logos/nba/okc.svg,3,,,,[],0001-01-01T00:00:00,,0001-01-01T00:00:00,,83
77,26764,0,,539,Memphis Grizzlies,MEM,https://assets.unabated.com/teams/logos/nba/mem.svg,3,,,,[],0001-01-01T00:00:00,,0001-01-01T00:00:00,,77
80,26764,1,,540,Minnesota Timberwolves,MIN,https://assets.unabated.com/teams/logos/nba/min.svg,3,,,,[],0001-01-01T00:00:00,,0001-01-01T00:00:00,,80
90,26766,0,,541,Toronto Raptors,TOR,https://assets.unabated.com/teams/logos/nba/tor.svg,3,,,,[],0001-01-01T00:00:00,,0001-01-01T00:00:00,,90
81,26766,1,,542,New Orleans Pelicans,NOP,https://assets.unabated.com/teams/logos/nba/nop.svg,3,,,,[],0001-01-01T00:00:00,,0001-01-01T00:00:00,,81
86,26768,1,,548,Phoenix Suns,PHX,https://assets.unabated.com/teams/logos/nba/phx.svg,3,,,,[],0001-01-01T00:00:00,,0001-01-01T00:00:00,,86
67,26768,0,,547,Chicago Bulls,CHI,https://assets.unabated.com/teams/logos/nba/chi.svg,3,,,,[],0001-01-01T00:00:00,,0001-01-01T00:00:00,,67
91,26770,1,,546,Utah Jazz,UTA,https://assets.unabated.com/teams/logos/nba/uta.svg,3,,,,[],0001-01-01T00:00:00,,0001-01-01T00:00:00,,91
73,26773,0,,543,Houston Rockets,HOU,https://assets.unabated.com/teams/logos/nba/hou.svg,3,,,,[],0001-01-01T00:00:00,,0001-01-01T00:00:00,,73
70,26773,1,,544,Denver Nuggets,DEN,https://assets.unabated.com/teams/logos/nba/den.svg,3,,,,[],0001-01-01T00:00:00,,0001-01-01T00:00:00,,70
74,26775,0,,549,Indiana Pacers,IND,https://assets.unabated.com/teams/logos/nba/ind.svg,3,,,,[],0001-01-01T00:00:00,,0001-01-01T00:00:00,,74
88,26775,1,,550,Sacramento Kings,SAC,https://assets.unabated.com/teams/logos/nba/sac.svg,3,,,,[],0001-01-01T00:00:00,,0001-01-01T00:00:00,,88
76,26778,1,,552,Los Angeles Lakers,LAL,https://assets.unabated.com/teams/logos/nba/lal.svg,3,,,,[],0001-01-01T00:00:00,,0001-01-01T00:00:00,,76
66,26782,1,,,Charlotte Hornets,CHA,https://assets.unabated.com/teams/logos/nba/cha.svg,3,,,,[],0001-01-01T00:00:00,,0001-01-01T00:00:00,,66
393,29933,0,,,Oakland,OAK,,4,,,,[],0001-01-01T00:00:00,,0001-01-01T00:00:00,,393
163,29933,1,,,Cleveland State,CLEV,,4,,,,[],0001-01-01T00:00:00,,0001-01-01T00:00:00,,163
387,29934,1,,,Northern Kentucky,NKU,,4,,,,[],0001-01-01T00:00:00,,0001-01-01T00:00:00,,387
591,29934,0,,,Youngstown State,YSU,,4,,,,[],0001-01-01T00:00:00,,0001-01-01T00:00:00,,591
586,29935,1,,,Wright State,WRST,,4,,,,[],0001-01-01T00:00:00,,0001-01-01T00:00:00,,586
433,29935,0,,,Robert Morris,,,4,,,,[],0001-01-01T00:00:00,,0001-01-01T00:00:00,,433
104,30634,1,61,602,Appalachian State,,,4,,,,[],0001-01-01T00:00:00,,0001-01-01T00:00:00,,104
237,30634,0,65,601,Furman,,,4,,,,[],0001-01-01T00:00:00,,0001-01-01T00:00:00,,237
1143,30635,0,49,,Eagles Trinity Baptist,TBC,,4,,,,[],0001-01-01T00:00:00,,0001-01-01T00:00:00,,1143
378,30635,1,90,,North Florida,UNF,,4,,,,[],0001-01-01T00:00:00,,0001-01-01T00:00:00,,378
409,30636,0,94,607,Penn State,PSU,,4,,,,[],0001-01-01T00:00:00,,0001-01-01T00:00:00,,409
162,30636,1,101,608,Clemson,CLEM,,4,,,,[],0001-01-01T00:00:00,,0001-01-01T00:00:00,,162
207,30637,1,68,306642,East Carolina,ECU,,4,,,,[],0001-01-01T00:00:00,,0001-01-01T00:00:00,,207
465,30637,0,73,306641,South Carolina State,,,4,,,,[],0001-01-01T00:00:00,,0001-01-01T00:00:00,,465
560,30638,0,57,306631,VMI,,,4,,,,[],0001-01-01T00:00:00,,0001-01-01T00:00:00,,560
417,30638,1,72,306632,Presbyterian,PRE,,4,,,,[],0001-01-01T00:00:00,,0001-01-01T00:00:00,,417
510,30639,0,52,,Toccoa Falls Eagles,,,4,,,,[],0001-01-01T00:00:00,,0001-01-01T00:00:00,,510
583,30639,1,99,,Winthrop,WIN,,4,,,,[],0001-01-01T00:00:00,,0001-01-01T00:00:00,,583
285,30640,1,60,306628,Kentucky,,,4,,,,[],0001-01-01T00:00:00,,0001-01-01T00:00:00,,285
118,30640,0,41,306627,Bellarmine,,,4,,,,[],0001-01-01T00:00:00,,0001-01-01T00:00:00,,118
306,30641,1,54,604,Louisville,LOU,,4,,,,[],0001-01-01T00:00:00,,0001-01-01T00:00:00,,306
322,30641,0,79,603,Maryland,MD,,4,,,,[],0001-01-01T00:00:00,,0001-01-01T00:00:00,,322
493,30642,0,44,615,Syracuse,SYR,,4,,,,[],0001-01-01T00:00:00,,0001-01-01T00:00:00,,493
267,30642,1,73,616,Illinois,ILL,,4,,,,[],0001-01-01T00:00:00,,0001-01-01T00:00:00,,267
114,30643,0,0,,Bacone Warriors,,,4,,,,[],0001-01-01T00:00:00,,0001-01-01T00:00:00,,114
402,30643,1,0,,Oral Roberts,,,4,,,,[],0001-01-01T00:00:00,,0001-01-01T00:00:00,,402
343,30644,0,88,623,Missouri,,,4,,,,[],0001-01-01T00:00:00,,0001-01-01T00:00:00,,343
579,30644,1,84,624,Wichita State,,,4,,,,[],0001-01-01T00:00:00,,0001-01-01T00:00:00,,579
371,30645,0,52,306643,Norfolk State,,,4,,,,[],0001-01-01T00:00:00,,0001-01-01T00:00:00,,371
262,30645,1,100,306644,Houston,HOU,,4,,,,[],0001-01-01T00:00:00,,0001-01-01T00:00:00,,262
472,30646,1,64,620,Southern Miss,USM,,4,,,,[],0001-01-01T00:00:00,,0001-01-01T00:00:00,,472
346,30646,0,54,619,Montana,MONT,,4,,,,[],0001-01-01T00:00:00,,0001-01-01T00:00:00,,346
318,30647,1,96,628,Marquette,MARQ,,4,,,,[],0001-01-01T00:00:00,,0001-01-01T00:00:00,,318
116,30647,0,70,627,Baylor,BAY,,4,,,,[],0001-01-01T00:00:00,,0001-01-01T00:00:00,,116
246,30648,0,46,631,Georgia Tech,GT,,4,,,,[],0001-01-01T00:00:00,,0001-01-01T00:00:00,,246
273,30648,1,60,632,Iowa,IOWA,,4,,,,[],0001-01-01T00:00:00,,0001-01-01T00:00:00,,273
101,30649,0,56,306645,Alcorn State,,,4,,,,[],0001-01-01T00:00:00,,0001-01-01T00:00:00,,101
249,30649,1,61,306646,Grand Canyon,,,4,,,,[],0001-01-01T00:00:00,,0001-01-01T00:00:00,,249
584,30650,1,48,634,Wisconsin,WISC,,4,,,,[],0001-01-01T00:00:00,,0001-01-01T00:00:00,,584
563,30650,0,47,633,Wake Forest,WAKE,,4,,,,[],0001-01-01T00:00:00,,0001-01-01T00:00:00,,563
557,30651,0,37,635,Virginia,UVA,,4,,,,[],0001-01-01T00:00:00,,0001-01-01T00:00:00,,557
334,30651,1,45,636,Michigan,MICH,,4,,,,[],0001-01-01T00:00:00,,0001-01-01T00:00:00,,334
297,30652,1,,306652,Lipscomb,LIP,,4,,,,[],0001-01-01T00:00:00,,0001-01-01T00:00:00,,297
356,30652,0,,306651,Navy,,,4,,,,[],0001-01-01T00:00:00,,0001-01-01T00:00:00,,356
587,30653,0,,643,Wyoming,,,4,,,,[],0001-01-01T00:00:00,,0001-01-01T00:00:00,,587
452,30653,1,,644,Santa Clara,,,4,,,,[],0001-01-01T00:00:00,,0001-01-01T00:00:00,,452
532,30654,1,,306656,UMass Lowell,UML,,4,,,,[],0001-01-01T00:00:00,,0001-01-01T00:00:00,,532
330,30654,0,,306655,Merrimack,,,4,,,,[],0001-01-01T00:00:00,,0001-01-01T00:00:00,,330
286,30655,1,,646,La Salle,LAS,,4,,,,[],0001-01-01T00:00:00,,0001-01-01T00:00:00,,286
496,30655,0,,645,Temple,TEM,,4,,,,[],0001-01-01T00:00:00,,0001-01-01T00:00:00,,496
138,30656,1,,648,Butler,BUT,,4,,,,[],0001-01-01T00:00:00,,0001-01-01T00:00:00,,138
282,30656,0,,647,Kansas State,KSU,,4,,,,[],0001-01-01T00:00:00,,0001-01-01T00:00:00,,282
498,30657,1,,672,Tennessee Tech,,,4,,,,[],0001-01-01T00:00:00,,0001-01-01T00:00:00,,498
158,30657,0,,671,Chattanooga,,,4,,,,[],0001-01-01T00:00:00,,0001-01-01T00:00:00,,158
216,30658,0,,,Elon,ELON,,4,,,,[],0001-01-01T00:00:00,,0001-01-01T00:00:00,,216
258,30658,1,,,High Point,HP,,4,,,,[],0001-01-01T00:00:00,,0001-01-01T00:00:00,,258
96,30659,0,,651,Akron,,,4,,,,[],0001-01-01T00:00:00,,0001-01-01T00:00:00,,96
320,30659,1,,652,Marshall,MARSH,,4,,,,[],0001-01-01T00:00:00,,0001-01-01T00:00:00,,320
242,30660,1,,656,Georgia,,,4,,,,[],0001-01-01T00:00:00,,0001-01-01T00:00:00,,242
252,30660,0,,655,Hampton,,,4,,,,[],0001-01-01T00:00:00,,0001-01-01T00:00:00,,252
361,30661,1,,306672,New Hampshire,UNH,,4,,,,[],0001-01-01T00:00:00,,0001-01-01T00:00:00,,361
437,30661,0,,306671,Sacred Heart,,,4,,,,[],0001-01-01T00:00:00,,0001-01-01T00:00:00,,437
287,30662,0,,306669,Lafayette,,,4,,,,[],0001-01-01T00:00:00,,0001-01-01T00:00:00,,287
204,30662,1,,306670,Drexel,DREX,,4,,,,[],0001-01-01T00:00:00,,0001-01-01T00:00:00,,204
431,30663,0,,665,Richmond,RICH,,4,,,,[],0001-01-01T00:00:00,,0001-01-01T00:00:00,,431
511,30663,1,,666,Toledo,,,4,,,,[],0001-01-01T00:00:00,,0001-01-01T00:00:00,,511
255,30664,0,,306657,Harvard,HARV,,4,,,,[],0001-01-01T00:00:00,,0001-01-01T00:00:00,,255
260,30664,1,,306658,Holy Cross,,,4,,,,[],0001-01-01T00:00:00,,0001-01-01T00:00:00,,260
239,30665,1,,662,George Mason,GMU,,4,,,,[],0001-01-01T00:00:00,,0001-01-01T00:00:00,,239
259,30665,0,,661,Hofstra,HOF,,4,,,,[],0001-01-01T00:00:00,,0001-01-01T00:00:00,,259
540,30666,1,,,USC Upstate,UPST,,4,,,,[],0001-01-01T00:00:00,,0001-01-01T00:00:00,,540
173,30666,0,,,Columbia International Rams,,,4,,,,[],0001-01-01T00:00:00,,0001-01-01T00:00:00,,173
223,30667,1,,660,Florida Atlantic,FAU,,4,,,,[],0001-01-01T00:00:00,,0001-01-01T00:00:00,,223
462,30667,0,,659,South Alabama,,,4,,,,[],0001-01-01T00:00:00,,0001-01-01T00:00:00,,462
576,30668,0,,649,Western Michigan,,,4,,,,[],0001-01-01T00:00:00,,0001-01-01T00:00:00,,576
192,30668,1,,650,Dayton,DAY,,4,,,,[],0001-01-01T00:00:00,,0001-01-01T00:00:00,,192
220,30669,0,,306663,Fairleigh Dickinson,,,4,,,,[],0001-01-01T00:00:00,,0001-01-01T00:00:00,,220
254,30669,1,,306664,Hartford,HART,,4,,,,[],0001-01-01T00:00:00,,0001-01-01T00:00:00,,254
589,30670,1,,306662,Yale,YALE,,4,,,,[],0001-01-01T00:00:00,,0001-01-01T00:00:00,,589
263,30670,0,,306661,Howard,,,4,,,,[],0001-01-01T00:00:00,,0001-01-01T00:00:00,,263
573,30671,1,,306660,Western Carolina,,,4,,,,[],0001-01-01T00:00:00,,0001-01-01T00:00:00,,573
238,30671,0,,306659,Gardner-Webb,WEBB,,4,,,,[],0001-01-01T00:00:00,,0001-01-01T00:00:00,,238
271,30672,1,,664,Indiana State,,,4,,,,[],0001-01-01T00:00:00,,0001-01-01T00:00:00,,271
203,30672,0,,663,Drake,,,4,,,,[],0001-01-01T00:00:00,,0001-01-01T00:00:00,,203
231,30673,1,,678,Florida State,FSU,,4,,,,[],0001-01-01T00:00:00,,0001-01-01T00:00:00,,231
420,30673,0,,677,Purdue,PUR,,4,,,,[],0001-01-01T00:00:00,,0001-01-01T00:00:00,,420
395,30674,0,,675,Ohio State,OSU,,4,,,,[],0001-01-01T00:00:00,,0001-01-01T00:00:00,,395
205,30674,1,,676,Duke,DUKE,,4,,,,[],0001-01-01T00:00:00,,0001-01-01T00:00:00,,205
277,30675,0,,306687,Jacksonville,JAC,,4,,,,[],0001-01-01T00:00:00,,0001-01-01T00:00:00,,277
520,30675,1,,306688,UAB,UAB,,4,,,,[],0001-01-01T00:00:00,,0001-01-01T00:00:00,,520
232,30676,1,,306690,Fordham,FOR,,4,,,,[],0001-01-01T00:00:00,,0001-01-01T00:00:00,,232
314,30676,0,,306689,Maine,MAINE,,4,,,,[],0001-01-01T00:00:00,,0001-01-01T00:00:00,,314
188,30677,0,,,Dallas Christian Crusaders,,,4,,,,[],0001-01-01T00:00:00,,0001-01-01T00:00:00,,188
269,30677,1,,,Incarnate Word,,,4,,,,[],0001-01-01T00:00:00,,0001-01-01T00:00:00,,269
327,30678,1,,306700,Memphis,MEM,,4,,,,[],0001-01-01T00:00:00,,0001-01-01T00:00:00,,327
372,30678,0,,306699,North Alabama,,,4,,,,[],0001-01-01T00:00:00,,0001-01-01T00:00:00,,372
575,30679,0,,306697,Western Kentucky,WKU,,4,,,,[],0001-01-01T00:00:00,,0001-01-01T00:00:00,,575
113,30679,1,,306698,Austin Peay,,,4,,,,[],0001-01-01T00:00:00,,0001-01-01T00:00:00,,113
222,30680,0,,306695,Florida A&M,,,4,,,,[],0001-01-01T00:00:00,,0001-01-01T00:00:00,,222
225,30680,1,,306696,Florida,,,4,,,,[],0001-01-01T00:00:00,,0001-01-01T00:00:00,,225
345,30681,0,,693,Monmouth,MONM,,4,,,,[],0001-01-01T00:00:00,,0001-01-01T00:00:00,,345
432,30681,1,,694,Rider,RID,,4,,,,[],0001-01-01T00:00:00,,0001-01-01T00:00:00,,432
461,30682,0,,685,SMU,,,4,,,,[],0001-01-01T00:00:00,,0001-01-01T00:00:00,,461
501,30682,1,,686,Texas A&M,,,4,,,,[],0001-01-01T00:00:00,,0001-01-01T00:00:00,,501
430,30683,1,,306694,Rice,RICE,,4,,,,[],0001-01-01T00:00:00,,0001-01-01T00:00:00,,430
416,30683,0,,306693,Prairie View A&M,,,4,,,,[],0001-01-01T00:00:00,,0001-01-01T00:00:00,,416
507,30684,1,,692,Texas Tech,TTU,,4,,,,[],0001-01-01T00:00:00,,0001-01-01T00:00:00,,507
241,30684,0,,691,Georgetown,GTWN,,4,,,,[],0001-01-01T00:00:00,,0001-01-01T00:00:00,,241
210,30685,1,,698,Eastern Illinois,,,4,,,,[],0001-01-01T00:00:00,,0001-01-01T00:00:00,,210
385,30685,0,,697,Northern Illinois,,,4,,,,[],0001-01-01T00:00:00,,0001-01-01T00:00:00,,385
419,30686,0,,689,Providence,PROV,,4,,,,[],0001-01-01T00:00:00,,0001-01-01T00:00:00,,419
495,30686,1,,690,TCU,TCU,,4,,,,[],0001-01-01T00:00:00,,0001-01-01T00:00:00,,495
376,30687,0,,687,North Dakota,UND,,4,,,,[],0001-01-01T00:00:00,,0001-01-01T00:00:00,,376
274,30687,1,,688,Iowa State,ISU,,4,,,,[],0001-01-01T00:00:00,,0001-01-01T00:00:00,,274
133,30688,1,,684,Bradley,,,4,,,,[],0001-01-01T00:00:00,,0001-01-01T00:00:00,,133
386,30688,0,,683,Northern Iowa,,,4,,,,[],0001-01-01T00:00:00,,0001-01-01T00:00:00,,386
240,30689,1,,710,George Washington,GW,,4,,,,[],0001-01-01T00:00:00,,0001-01-01T00:00:00,,240
463,30689,0,,709,South Carolina,,,4,,,,[],0001-01-01T00:00:00,,0001-01-01T00:00:00,,463
151,30690,0,,306703,Central Arkansas,,,4,,,,[],0001-01-01T00:00:00,,0001-01-01T00:00:00,,151
308,30690,1,,306704,Loyola Chicago,,,4,,,,[],0001-01-01T00:00:00,,0001-01-01T00:00:00,,308
309,30691,0,,711,Loyola Marymount,,,4,,,,[],0001-01-01T00:00:00,,0001-01-01T00:00:00,,309
172,30691,1,,712,Colorado State,,,4,,,,[],0001-01-01T00:00:00,,0001-01-01T00:00:00,,172
548,30692,0,,707,UTEP,UTEP,,4,,,,[],0001-01-01T00:00:00,,0001-01-01T00:00:00,,548
363,30692,1,,708,New Mexico State,,,4,,,,[],0001-01-01T00:00:00,,0001-01-01T00:00:00,,363
198,30693,1,,714,DePaul,DEP,,4,,,,[],0001-01-01T00:00:00,,0001-01-01T00:00:00,,198
445,30693,0,,713,Samford,,,4,,,,[],0001-01-01T00:00:00,,0001-01-01T00:00:00,,445
473,30694,1,,704,Southern Utah,SUU,,4,,,,[],0001-01-01T00:00:00,,0001-01-01T00:00:00,,473
347,30694,0,,703,Montana State,MTST,,4,,,,[],0001-01-01T00:00:00,,0001-01-01T00:00:00,,347
497,30695,0,,705,Tennessee State,,,4,,,,[],0001-01-01T00:00:00,,0001-01-01T00:00:00,,497
440,30695,1,,706,Saint Louis,SLU,,4,,,,[],0001-01-01T00:00:00,,0001-01-01T00:00:00,,440
129,30696,0,,717,Boston College,BC,,4,,,,[],0001-01-01T00:00:00,,0001-01-01T00:00:00,,129
359,30696,1,,718,Nebraska,NEB,,4,,,,[],0001-01-01T00:00:00,,0001-01-01T00:00:00,,359
375,30697,0,,719,North Carolina,UNC,,4,,,,[],0001-01-01T00:00:00,,0001-01-01T00:00:00,,375
270,30697,1,,720,Indiana,IND,,4,,,,[],0001-01-01T00:00:00,,0001-01-01T00:00:00,,270
333,30698,0,,715,Michigan State,MSU,,4,,,,[],0001-01-01T00:00:00,,0001-01-01T00:00:00,,333
391,30698,1,,716,Notre Dame,ND,,4,,,,[],0001-01-01T00:00:00,,0001-01-01T00:00:00,,391
142,30699,1,,726,California,,,4,,,,[],0001-01-01T00:00:00,,0001-01-01T00:00:00,,142
539,30699,0,,725,USC,,,4,,,,[],0001-01-01T00:00:00,,0001-01-01T00:00:00,,539
219,30700,0,,,Fairfield,FAIR,,4,,,,[],0001-01-01T00:00:00,,0001-01-01T00:00:00,,219
316,30700,1,,,Manhattan,MAN,,4,,,,[],0001-01-01T00:00:00,,0001-01-01T00:00:00,,316
244,30701,1,,,Georgia State,,,4,,,,[],0001-01-01T00:00:00,,0001-01-01T00:00:00,,244
1158,30701,0,,,Knights Middle Georgia State,MGC,,4,,,,[],0001-01-01T00:00:00,,0001-01-01T00:00:00,,1158
585,30702,1,,,Wofford,,,4,,,,[],0001-01-01T00:00:00,,0001-01-01T00:00:00,,585
182,30703,0,,,Creighton,CREI,,4,,,,[],0001-01-01T00:00:00,,0001-01-01T00:00:00,,182
504,30703,1,,,Texas,TEX,,4,,,,[],0001-01-01T00:00:00,,0001-01-01T00:00:00,,504
425,30704,1,,,Radford,RAD,,4,,,,[],0001-01-01T00:00:00,,0001-01-01T00:00:00,,425
374,30704,0,,,North Carolina Central,,,4,,,,[],0001-01-01T00:00:00,,0001-01-01T00:00:00,,374
194,30705,1,,,Delaware,DEL,,4,,,,[],0001-01-01T00:00:00,,0001-01-01T00:00:00,,194
179,30705,0,,,Cornell,COR,,4,,,,[],0001-01-01T00:00:00,,0001-01-01T00:00:00,,179
109,30706,1,,,Arkansas State,,,4,,,,[],0001-01-01T00:00:00,,0001-01-01T00:00:00,,109
339,30706,0,,,Mississippi Valley State,,,4,,,,[],0001-01-01T00:00:00,,0001-01-01T00:00:00,,339
355,30707,1,,,Murray State,,,4,,,,[],0001-01-01T00:00:00,,0001-01-01T00:00:00,,355
268,30707,0,,,Illinois State,,,4,,,,[],0001-01-01T00:00:00,,0001-01-01T00:00:00,,268
119,30708,1,,,Belmont,,,4,,,,[],0001-01-01T00:00:00,,0001-01-01T00:00:00,,119
551,30708,0,,,Valparaiso,VALP,,4,,,,[],0001-01-01T00:00:00,,0001-01-01T00:00:00,,551
105,30709,0,,,Arizona State,,,4,,,,[],0001-01-01T00:00:00,,0001-01-01T00:00:00,,105
170,30709,1,,,Colorado,,,4,,,,[],0001-01-01T00:00:00,,0001-01-01T00:00:00,,170
506,30710,0,,,Texas State,,,4,,,,[],0001-01-01T00:00:00,,0001-01-01T00:00:00,,506
289,30710,1,,,Lamar,,,4,,,,[],0001-01-01T00:00:00,,0001-01-01T00:00:00,,289
546,30711,1,,,Utah,,,4,,,,[],0001-01-01T00:00:00,,0001-01-01T00:00:00,,546
106,30711,0,,,Arizona,,,4,,,,[],0001-01-01T00:00:00,,0001-01-01T00:00:00,,106
457,30712,0,,,Seton Hall,HALL,,4,,,,[],0001-01-01T00:00:00,,0001-01-01T00:00:00,,457
281,30712,1,,,Kansas,KU,,4,,,,[],0001-01-01T00:00:00,,0001-01-01T00:00:00,,281
521,30713,1,,,UC Davis,UCD,,4,,,,[],0001-01-01T00:00:00,,0001-01-01T00:00:00,,521
406,30713,0,,,Pacific,,,4,,,,[],0001-01-01T00:00:00,,0001-01-01T00:00:00,,406
487,30714,1,,,Stephen F. Austin,,,4,,,,[],0001-01-01T00:00:00,,0001-01-01T00:00:00,,487
389,30714,0,,,Northwestern State,,,4,,,,[],0001-01-01T00:00:00,,0001-01-01T00:00:00,,389
404,30715,1,,,Oregon State,,,4,,,,[],0001-01-01T00:00:00,,0001-01-01T00:00:00,,404
567,30715,0,,,Washington,,,4,,,,[],0001-01-01T00:00:00,,0001-01-01T00:00:00,,567
448,30716,1,,,San Diego,,,4,,,,[],0001-01-01T00:00:00,,0001-01-01T00:00:00,,448
524,30716,0,,,UC San Diego,,,4,,,,[],0001-01-01T00:00:00,,0001-01-01T00:00:00,,524
568,30717,0,,,Washington State,,,4,,,,[],0001-01-01T00:00:00,,0001-01-01T00:00:00,,568
403,30717,1,,,Oregon,,,4,,,,[],0001-01-01T00:00:00,,0001-01-01T00:00:00,,403
527,30718,0,,,UCLA,,,4,,,,[],0001-01-01T00:00:00,,0001-01-01T00:00:00,,527
486,30718,1,,,Stanford,,,4,,,,[],0001-01-01T00:00:00,,0001-01-01T00:00:00,,486
135,30719,1,,,Bryant,,,4,,,,[],0001-01-01T00:00:00,,0001-01-01T00:00:00,,135
134,30719,0,,,Brown,BRWN,,4,,,,[],0001-01-01T00:00:00,,0001-01-01T00:00:00,,134
272,30720,1,,,Iona,IONA,,4,,,,[],0001-01-01T00:00:00,,0001-01-01T00:00:00,,272
367,30720,0,,,Niagara,NIAG,,4,,,,[],0001-01-01T00:00:00,,0001-01-01T00:00:00,,367
284,30722,1,,,Kent State,,,4,,,,[],0001-01-01T00:00:00,,0001-01-01T00:00:00,,284
467,30722,0,,,South Dakota State,,,4,,,,[],0001-01-01T00:00:00,,0001-01-01T00:00:00,,467
144,30723,0,,,Campbell,CAMP,,4,,,,[],0001-01-01T00:00:00,,0001-01-01T00:00:00,,144
145,30724,0,,,Canisius,CAN,,4,,,,[],0001-01-01T00:00:00,,0001-01-01T00:00:00,,145
458,30724,1,,,Siena,SIE,,4,,,,[],0001-01-01T00:00:00,,0001-01-01T00:00:00,,458
279,30726,1,,,James Madison,JMU,,4,,,,[],0001-01-01T00:00:00,,0001-01-01T00:00:00,,279
211,30726,0,,,Eastern Kentucky,,,4,,,,[],0001-01-01T00:00:00,,0001-01-01T00:00:00,,211
381,30727,0,,,Northeastern,NE,,4,,,,[],0001-01-01T00:00:00,,0001-01-01T00:00:00,,381
112,30728,1,,,Auburn,,,4,,,,[],0001-01-01T00:00:00,,0001-01-01T00:00:00,,112
168,30728,0,,,Colgate,,,4,,,,[],0001-01-01T00:00:00,,0001-01-01T00:00:00,,168
247,30729,1,,,Gonzaga,,,4,,,,[],0001-01-01T00:00:00,,0001-01-01T00:00:00,,247
266,30731,1,,,Idaho,IDHO,,4,,,,[],0001-01-01T00:00:00,,0001-01-01T00:00:00,,266
556,30732,1,,,Villanova,NOVA,,4,,,,[],0001-01-01T00:00:00,,0001-01-01T00:00:00,,556
396,30732,0,,,Oklahoma,OKLA,,4,,,,[],0001-01-01T00:00:00,,0001-01-01T00:00:00,,396
562,30735,0,,,Wagner,,,4,,,,[],0001-01-01T00:00:00,,0001-01-01T00:00:00,,562
111,30735,1,,,Army,,,4,,,,[],0001-01-01T00:00:00,,0001-01-01T00:00:00,,111
517,30736,1,,,Tulane,TULN,,4,,,,[],0001-01-01T00:00:00,,0001-01-01T00:00:00,,517
340,30739,1,,,Mississippi State,,,4,,,,[],0001-01-01T00:00:00,,0001-01-01T00:00:00,,340
418,30740,0,,,Princeton,PRIN,,4,,,,[],0001-01-01T00:00:00,,0001-01-01T00:00:00,,418
351,30741,0,,,Morgan State,,,4,,,,[],0001-01-01T00:00:00,,0001-01-01T00:00:00,,351
131,30741,1,,,Bowling Green,,,4,,,,[],0001-01-01T00:00:00,,0001-01-01T00:00:00,,131
580,30742,1,,,William & Mary,W&M,,4,,,,[],0001-01-01T00:00:00,,0001-01-01T00:00:00,,580
115,30744,0,,,Ball State,,,4,,,,[],0001-01-01T00:00:00,,0001-01-01T00:00:00,,115
206,30744,1,,,Duquesne,DUQ,,4,,,,[],0001-01-01T00:00:00,,0001-01-01T00:00:00,,206
191,30745,0,,,Davidson,DAV,,4,,,,[],0001-01-01T00:00:00,,0001-01-01T00:00:00,,191
218,30746,0,,,Evansville,,,4,,,,[],0001-01-01T00:00:00,,0001-01-01T00:00:00,,218
184,30747,0,,,Cal State Bakersfield,,,4,,,,[],0001-01-01T00:00:00,,0001-01-01T00:00:00,,184
190,30747,1,,,Dartmouth,DART,,4,,,,[],0001-01-01T00:00:00,,0001-01-01T00:00:00,,190
164,30751,0,,,Coastal Carolina,,,4,,,,[],0001-01-01T00:00:00,,0001-01-01T00:00:00,,164
349,30752,1,,,Morehead State,,,4,,,,[],0001-01-01T00:00:00,,0001-01-01T00:00:00,,349
137,30754,1,,,Buffalo,,,4,,,,[],0001-01-01T00:00:00,,0001-01-01T00:00:00,,137
477,30754,0,,,St. Bonaventure,SBON,,4,,,,[],0001-01-01T00:00:00,,0001-01-01T00:00:00,,477
518,30755,1,,,Tulsa,TLSA,,4,,,,[],0001-01-01T00:00:00,,0001-01-01T00:00:00,,518
93,30756,1,,,Abilene Christian,,,4,,,,[],0001-01-01T00:00:00,,0001-01-01T00:00:00,,93
110,30756,0,,,Arlington Baptist Patriots,,,4,,,,[],0001-01-01T00:00:00,,0001-01-01T00:00:00,,110
196,30757,1,,,Delaware State,,,4,,,,[],0001-01-01T00:00:00,,0001-01-01T00:00:00,,196
303,30757,0,,,Longwood,LONG,,4,,,,[],0001-01-01T00:00:00,,0001-01-01T00:00:00,,303
139,30758,1,,,BYU,,,4,,,,[],0001-01-01T00:00:00,,0001-01-01T00:00:00,,139
466,30758,0,,,South Dakota,,,4,,,,[],0001-01-01T00:00:00,,0001-01-01T00:00:00,,466
476,30759,0,,,St. Andrews Knights,,,4,,,,[],0001-01-01T00:00:00,,0001-01-01T00:00:00,,476
415,30762,1,,,Portland State,PRST,,4,,,,[],0001-01-01T00:00:00,,0001-01-01T00:00:00,,415
95,30762,0,,,Air Force,,,4,,,,[],0001-01-01T00:00:00,,0001-01-01T00:00:00,,95
300,30763,0,,,Long Beach State,LBSU,,4,,,,[],0001-01-01T00:00:00,,0001-01-01T00:00:00,,300
547,30763,1,,,Utah Valley,,,4,,,,[],0001-01-01T00:00:00,,0001-01-01T00:00:00,,547
435,30764,1,,,Rutgers,RUTG,,4,,,,[],0001-01-01T00:00:00,,0001-01-01T00:00:00,,435
108,30767,1,,,Arkansas,,,4,,,,[],0001-01-01T00:00:00,,0001-01-01T00:00:00,,108
451,30767,0,,,San Jose State,,,4,,,,[],0001-01-01T00:00:00,,0001-01-01T00:00:00,,451
174,30770,1,,,Columbia,CLMB,,4,,,,[],0001-01-01T00:00:00,,0001-01-01T00:00:00,,174
394,30772,0,,,Ohio,,,4,,,,[],0001-01-01T00:00:00,,0001-01-01T00:00:00,,394
428,30773,1,,,Rhode Island,URI,,4,,,,[],0001-01-01T00:00:00,,0001-01-01T00:00:00,,428
553,30774,1,,,Vanderbilt,,,4,,,,[],0001-01-01T00:00:00,,0001-01-01T00:00:00,,553
436,30776,0,,,Sacramento State,SAC,,4,,,,[],0001-01-01T00:00:00,,0001-01-01T00:00:00,,436
572,30778,0,,,West Virginia,WVU,,4,,,,[],0001-01-01T00:00:00,,0001-01-01T00:00:00,,572
588,30778,1,,,Xavier,XAV,,4,,,,[],0001-01-01T00:00:00,,0001-01-01T00:00:00,,588
489,30779,1,,,Stony Brook,STON,,4,,,,[],0001-01-01T00:00:00,,0001-01-01T00:00:00,,489
128,30780,0,,,Boise State,,,4,,,,[],0001-01-01T00:00:00,,0001-01-01T00:00:00,,128
398,30781,1,,,Old Dominion,ODU,,4,,,,[],0001-01-01T00:00:00,,0001-01-01T00:00:00,,398
414,30782,1,,,Portland,,,4,,,,[],0001-01-01T00:00:00,,0001-01-01T00:00:00,,414
342,30783,1,,,Missouri State,,,4,,,,[],0001-01-01T00:00:00,,0001-01-01T00:00:00,,342
265,30784,1,,,Idaho State,IDST,,4,,,,[],0001-01-01T00:00:00,,0001-01-01T00:00:00,,265
383,30785,0,,,Northern Arizona,NAU,,4,,,,[],0001-01-01T00:00:00,,0001-01-01T00:00:00,,383
411,30785,1,,,Pepperdine,,,4,,,,[],0001-01-01T00:00:00,,0001-01-01T00:00:00,,411
98,30786,1,,,Alabama,,,4,,,,[],0001-01-01T00:00:00,,0001-01-01T00:00:00,,98
362,30788,0,,,New Mexico,,,4,,,,[],0001-01-01T00:00:00,,0001-01-01T00:00:00,,362
276,30789,0,,,Jackson State,,,4,,,,[],0001-01-01T00:00:00,,0001-01-01T00:00:00,,276
360,30790,0,,,Nevada,,,4,,,,[],0001-01-01T00:00:00,,0001-01-01T00:00:00,,360
538,30791,0,,,UNLV,,,4,,,,[],0001-01-01T00:00:00,,0001-01-01T00:00:00,,538
317,30792,0,,,Marist,MRST,,4,,,,[],0001-01-01T00:00:00,,0001-01-01T00:00:00,,317
161,30793,1,,,Cincinnati,CIN,,4,,,,[],0001-01-01T00:00:00,,0001-01-01T00:00:00,,161
488,30799,0,,,Stetson,STET,,4,,,,[],0001-01-01T00:00:00,,0001-01-01T00:00:00,,488
555,30804,0,,,Vermont,UVM,,4,,,,[],0001-01-01T00:00:00,,0001-01-01T00:00:00,,555
212,30806,1,,,Eastern Michigan,,,4,,,,[],0001-01-01T00:00:00,,0001-01-01T00:00:00,,212
558,30809,1,,,Virginia Tech,VT,,4,,,,[],0001-01-01T00:00:00,,0001-01-01T00:00:00,,558
424,30810,1,,,Quinnipiac,QU,,4,,,,[],0001-01-01T00:00:00,,0001-01-01T00:00:00,,424
338,30816,0,,,Minnesota,MINN,,4,,,,[],0001-01-01T00:00:00,,0001-01-01T00:00:00,,338
499,30817,1,,,Tennessee,,,4,,,,[],0001-01-01T00:00:00,,0001-01-01T00:00:00,,499
390,30820,0,,,Northwestern,NW,,4,,,,[],0001-01-01T00:00:00,,0001-01-01T00:00:00,,390
449,30821,1,,,San Francisco,,,4,,,,[],0001-01-01T00:00:00,,0001-01-01T00:00:00,,449
545,30821,0,,,Utah State,,,4,,,,[],0001-01-01T00:00:00,,0001-01-01T00:00:00,,545
405,30822,0,,,Our Lady of the Lake Saints,,,4,,,,[],0001-01-01T00:00:00,,0001-01-01T00:00:00,,405
514,30823,0,,,Trevecca Nazarene Trojans,,,4,,,,[],0001-01-01T00:00:00,,0001-01-01T00:00:00,,514
377,30825,0,,,North Dakota State,,,4,,,,[],0001-01-01T00:00:00,,0001-01-01T00:00:00,,377
447,30826,1,,,San Diego State,,,4,,,,[],0001-01-01T00:00:00,,0001-01-01T00:00:00,,447
515,30826,0,,,Troy,,,4,,,,[],0001-01-01T00:00:00,,0001-01-01T00:00:00,,515
1321,33864,0,72,306637,Queens NC,,,4,,,,[],0001-01-01T00:00:00,,0001-01-01T00:00:00,,1321
470,33865,0,,695,Southern Illinois,,,4,,,,[],0001-01-01T00:00:00,,0001-01-01T00:00:00,,470
1354,33866,0,,701,Southern Indiana,,,4,,,,[],0001-01-01T00:00:00,,0001-01-01T00:00:00,,1354
574,33866,1,,702,Western Illinois,,,4,,,,[],0001-01-01T00:00:00,,0001-01-01T00:00:00,,574
197,33867,0,,,Denver,,,4,,,,[],0001-01-01T00:00:00,,0001-01-01T00:00:00,,197
261,33867,1,,,Houston Christian,,,4,,,,[],0001-01-01T00:00:00,,0001-01-01T00:00:00,,261
201,33868,0,,,Utah Tech,,,4,,,,[],0001-01-01T00:00:00,,0001-01-01T00:00:00,,201
1355,33870,0,,,Stonehill,,,4,,,,[],0001-01-01T00:00:00,,0001-01-01T00:00:00,,1355
126,33870,1,,,Binghamton,BING,,4,,,,[],0001-01-01T00:00:00,,0001-01-01T00:00:00,,126
1288,33871,1,,,Eastern Washington,,,4,,,,[],0001-01-01T00:00:00,,0001-01-01T00:00:00,,1288
570,33872,1,,,Weber State,WEB,,4,,,,[],0001-01-01T00:00:00,,0001-01-01T00:00:00,,570
159,33873,1,,,Chicago State,,,4,,,,[],0001-01-01T00:00:00,,0001-01-01T00:00:00,,159
1453,33874,0,,,Texas A&M-Commerce,TAMC,,4,,,,[],0001-01-01T00:00:00,,0001-01-01T00:00:00,,1453
508,34092,0,,306677,The Citadel,,,4,,,,[],0001-01-01T00:00:00,,0001-01-01T00:00:00,,508
156,34092,1,,306678,Charleston Sou,CHSO,,4,,,,[],0001-01-01T00:00:00,,0001-01-01T00:00:00,,156
468,34093,1,,,South Florida,USF,,4,,,,[],0001-01-01T00:00:00,,0001-01-01T00:00:00,,468
533,34124,0,73,611,Massachusetts,UMASS,,4,,,,[],0001-01-01T00:00:00,,0001-01-01T00:00:00,,533
125,34179,1,,,Bethune Cookman,,,4,,,,[],0001-01-01T00:00:00,,0001-01-01T00:00:00,,125
401,34180,0,,,Nebraska Omaha,,,4,,,,[],0001-01-01T00:00:00,,0001-01-01T00:00:00,,401
380,34180,1,,,North Texas,UNT,,4,,,,[],0001-01-01T00:00:00,,0001-01-01T00:00:00,,380
140,34224,0,,723,Cal Poly SLO,CP,,4,,,,[],0001-01-01T00:00:00,,0001-01-01T00:00:00,,140
141,34225,1,,732,California Baptist,,,4,,,,[],0001-01-01T00:00:00,,0001-01-01T00:00:00,,141
523,34225,0,,731,Cal Riverside,UCRV,,4,,,,[],0001-01-01T00:00:00,,0001-01-01T00:00:00,,523
307,34261,0,,306653,Loyola Maryland,,,4,,,,[],0001-01-01T00:00:00,,0001-01-01T00:00:00,,307
107,34262,0,,306705,Ark Pine Bluff,,,4,,,,[],0001-01-01T00:00:00,,0001-01-01T00:00:00,,107
177,34263,0,,,Coppin State,,,4,,,,[],0001-01-01T00:00:00,,0001-01-01T00:00:00,,177
441,34323,1,,730,Saint Marys CA,,,4,,,,[],0001-01-01T00:00:00,,0001-01-01T00:00:00,,441
227,34358,1,,654,Florida International,FIU,,4,,,,[],0001-01-01T00:00:00,,0001-01-01T00:00:00,,227
1387,34392,0,,306681,McNeese State,,,4,,,,[],0001-01-01T00:00:00,,0001-01-01T00:00:00,,1387
1183,34393,0,,,Royals Ecclesia,ECCC,,4,,,,[],0001-01-01T00:00:00,,0001-01-01T00:00:00,,1183
525,34460,0,61,605,Cal Santa Barbara,UCSB,,4,,,,[],0001-01-01T00:00:00,,0001-01-01T00:00:00,,525
199,34461,0,,,Detroit,DET,,4,,,,[],0001-01-01T00:00:00,,0001-01-01T00:00:00,,199
528,34497,1,,,Connecticut,CONN,,4,,,,[],0001-01-01T00:00:00,,0001-01-01T00:00:00,,528
397,34497,0,,,Oklahoma State,OKST,,4,,,,[],0001-01-01T00:00:00,,0001-01-01T00:00:00,,397
439,34498,1,,,St. Josephs,JOES,,4,,,,[],0001-01-01T00:00:00,,0001-01-01T00:00:00,,439
130,34543,0,,,Boston U,,,4,,,,[],0001-01-01T00:00:00,,0001-01-01T00:00:00,,130
155,34606,1,75,618,College of Charleston,COFC,,4,,,,[],0001-01-01T00:00:00,,0001-01-01T00:00:00,,155
150,34607,1,51,306634,Central Connecticut,,,4,,,,[],0001-01-01T00:00:00,,0001-01-01T00:00:00,,150
354,34609,1,,,Mt. St. Mary's,,,4,,,,[],0001-01-01T00:00:00,,0001-01-01T00:00:00,,354
357,34688,1,85,610,NC State,NCST,,4,,,,[],0001-01-01T00:00:00,,0001-01-01T00:00:00,,357
478,34689,1,,306684,St. Francis NY,,,4,,,,[],0001-01-01T00:00:00,,0001-01-01T00:00:00,,478
412,34690,0,,,Pittsburgh,PITT,,4,,,,[],0001-01-01T00:00:00,,0001-01-01T00:00:00,,412
328,34691,1,,,Mercer,,,4,,,,[],0001-01-01T00:00:00,,0001-01-01T00:00:00,,328
283,34691,0,,,Kennesaw St,KENN,,4,,,,[],0001-01-01T00:00:00,,0001-01-01T00:00:00,,283
399,34692,0,,,Mississippi,,,4,,,,[],0001-01-01T00:00:00,,0001-01-01T00:00:00,,399
373,34772,1,,670,North Carolina A&T,,,4,,,,[],0001-01-01T00:00:00,,0001-01-01T00:00:00,,373
536,34772,0,,669,NC Greensboro,,,4,,,,[],0001-01-01T00:00:00,,0001-01-01T00:00:00,,536
332,34773,1,,674,Miami Florida,MIA,,4,,,,[],0001-01-01T00:00:00,,0001-01-01T00:00:00,,332
526,34776,1,,,Central Florida,UCF,,4,,,,[],0001-01-01T00:00:00,,0001-01-01T00:00:00,,526
529,34846,1,,682,Illinois Chicago,,,4,,,,[],0001-01-01T00:00:00,,0001-01-01T00:00:00,,529
248,34874,1,,,Grambling,,,4,,,,[],0001-01-01T00:00:00,,0001-01-01T00:00:00,,248
410,34902,1,,700,Pennsylvania,PENN,,4,,,,[],0001-01-01T00:00:00,,0001-01-01T00:00:00,,410
531,34937,1,65,622,UMKC,,,4,,,,[],0001-01-01T00:00:00,,0001-01-01T00:00:00,,531
208,34938,1,,,East Tenn State,,,4,,,,[],0001-01-01T00:00:00,,0001-01-01T00:00:00,,208
319,34938,0,,,Mars Hill Lions,,,4,,,,[],0001-01-01T00:00:00,,0001-01-01T00:00:00,,319
454,34939,0,,306701,SE Louisiana,,,4,,,,[],0001-01-01T00:00:00,,0001-01-01T00:00:00,,454
471,34940,0,,,Southern,,,4,,,,[],0001-01-01T00:00:00,,0001-01-01T00:00:00,,471
305,34940,1,,,Louisiana Tech,LT,,4,,,,[],0001-01-01T00:00:00,,0001-01-01T00:00:00,,305
278,34942,0,,,Jacksonville State,,,4,,,,[],0001-01-01T00:00:00,,0001-01-01T00:00:00,,278
1290,34943,0,,,Lindenwood,,,4,,,,[],0001-01-01T00:00:00,,0001-01-01T00:00:00,,1290
522,35062,0,17,637,Cal Irvine,UCI,,4,,,,[],0001-01-01T00:00:00,,0001-01-01T00:00:00,,522
369,35063,0,,306675,NJIT,NJIT,,4,,,,[],0001-01-01T00:00:00,,0001-01-01T00:00:00,,369
136,35064,0,,,Bucknell,,,4,,,,[],0001-01-01T00:00:00,,0001-01-01T00:00:00,,136
236,35065,0,,,Fresno State,,,4,,,,[],0001-01-01T00:00:00,,0001-01-01T00:00:00,,236
257,35122,1,,,Hawaii,HAW,,4,,,,[],0001-01-01T00:00:00,,0001-01-01T00:00:00,,257
460,35373,1,89,,SIU Edwardsville,,,4,,,,[],0001-01-01T00:00:00,,0001-01-01T00:00:00,,460
475,35373,0,54,,St. Ambrose Fighting Bees,,,4,,,,[],0001-01-01T00:00:00,,0001-01-01T00:00:00,,475
186,35374,0,42,629,Cal St Northridge,CSUN,,4,,,,[],0001-01-01T00:00:00,,0001-01-01T00:00:00,,186
335,35375,0,,667,Middle Tenn St,MTSU,,4,,,,[],0001-01-01T00:00:00,,0001-01-01T00:00:00,,335
479,35376,0,,306673,St. Francis PA,,,4,,,,[],0001-01-01T00:00:00,,0001-01-01T00:00:00,,479
554,35377,1,,658,Va Commonwealth,VCU,,4,,,,[],0001-01-01T00:00:00,,0001-01-01T00:00:00,,554
421,35378,1,,,IPFW,,,4,,,,[],0001-01-01T00:00:00,,0001-01-01T00:00:00,,421
481,35383,0,,,St. Johns,SJU,,4,,,,[],0001-01-01T00:00:00,,0001-01-01T00:00:00,,481
250,35384,1,,,Wisc Green Bay,,,4,,,,[],0001-01-01T00:00:00,,0001-01-01T00:00:00,,250
275,35384,0,,,IUPUI,,,4,,,,[],0001-01-01T00:00:00,,0001-01-01T00:00:00,,275
442,35578,1,,,St. Peter's,SPU,,4,,,,[],0001-01-01T00:00:00,,0001-01-01T00:00:00,,442
100,35604,0,62,306639,Albany NY,ALBY,,4,,,,[],0001-01-01T00:00:00,,0001-01-01T00:00:00,,100
103,35604,1,88,306640,American,,,4,,,,[],0001-01-01T00:00:00,,0001-01-01T00:00:00,,103
644,35641,0,,317,LSU,LSU,https://assets.unabated.com/teams/logos/cfb/LSU.svg,2,9,,,[],0001-01-01T00:00:00,,0001-01-01T00:00:00,,644
625,35641,1,,318,Georgia,UGA,https://assets.unabated.com/teams/logos/cfb/UGA.svg,2,9,,,[],0001-01-01T00:00:00,,0001-01-01T00:00:00,,625
662,35674,1,,322,North Carolina,NC,https://assets.unabated.com/teams/logos/cfb/NC.svg,2,9,,,[],0001-01-01T00:00:00,,0001-01-01T00:00:00,,662
613,35674,0,,321,Clemson,CLE,https://assets.unabated.com/teams/logos/cfb/CLE.svg,2,9,,,[],0001-01-01T00:00:00,,0001-01-01T00:00:00,,613
364,35777,1,,,New Orleans,,,4,,,,[],0001-01-01T00:00:00,,0001-01-01T00:00:00,,364
304,35777,0,,,UL Lafayette,ULL,https://assets.unabated.com/teams/logos/cfb/ULL.svg,4,,,,[],0001-01-01T00:00:00,,0001-01-01T00:00:00,,304
456,35808,1,,728,Seattle U,,,4,,,,[],0001-01-01T00:00:00,,0001-01-01T00:00:00,,456
185,35808,0,,727,CS Fullerton,CSF,,4,,,,[],0001-01-01T00:00:00,,0001-01-01T00:00:00,,185
534,35876,1,,306666,MD Baltimore Co,,,4,,,,[],0001-01-01T00:00:00,,0001-01-01T00:00:00,,534
293,35877,1,,,Lehigh,,,4,,,,[],0001-01-01T00:00:00,,0001-01-01T00:00:00,,293
323,35928,1,,306668,MD Eastern Shore,,,4,,,,[],0001-01-01T00:00:00,,0001-01-01T00:00:00,,323
295,35929,1,,,Liberty,LIB,,4,,,,[],0001-01-01T00:00:00,,0001-01-01T00:00:00,,295
157,35955,0,68,613,Charlotte U,CHAR,,4,,,,[],0001-01-01T00:00:00,,0001-01-01T00:00:00,,157
331,35956,1,95,306630,Miami Ohio,,,4,,,,[],0001-01-01T00:00:00,,0001-01-01T00:00:00,,331
384,36007,0,,,No. Colorado,UNCO,,4,,,,[],0001-01-01T00:00:00,,0001-01-01T00:00:00,,384
298,36033,0,,721,Arkansas Little Rock,,,4,,,,[],0001-01-01T00:00:00,,0001-01-01T00:00:00,,298
537,36105,0,,679,NC Wilmington,UNCW,,4,,,,[],0001-01-01T00:00:00,,0001-01-01T00:00:00,,537
226,36236,0,,306685,Fla Gulf Coast,FGCU,,4,,,,[],0001-01-01T00:00:00,,0001-01-01T00:00:00,,226
243,36236,1,,306686,Georgia Southern,,,4,,,,[],0001-01-01T00:00:00,,0001-01-01T00:00:00,,243
543,36337,1,,306692,UT Rio Grande Valley,,,4,,,,[],0001-01-01T00:00:00,,0001-01-01T00:00:00,,543
503,36337,0,,306691,Texas A&M Corpus,,,4,,,,[],0001-01-01T00:00:00,,0001-01-01T00:00:00,,503
302,36384,0,68,306625,Long Island,,,4,,,,[],0001-01-01T00:00:00,,0001-01-01T00:00:00,,302
512,36385,0,,,Towson,TOWS,,4,,,,[],0001-01-01T00:00:00,,0001-01-01T00:00:00,,512
444,36386,1,,,Sam Houston St,,,4,,,,[],0001-01-01T00:00:00,,0001-01-01T00:00:00,,444
494,36566,1,75,626,Tarleton St,,,4,,,,[],0001-01-01T00:00:00,,0001-01-01T00:00:00,,494
313,36599,1,,,LSU,,,4,,,,[],0001-01-01T00:00:00,,0001-01-01T00:00:00,,313
541,36599,0,,,UT Arlington,,,4,,,,[],0001-01-01T00:00:00,,0001-01-01T00:00:00,,541
604,37126,1,,316,Boise State,BOISE,https://assets.unabated.com/teams/logos/cfb/BOISE.svg,2,9,,,[],0001-01-01T00:00:00,,0001-01-01T00:00:00,,604
624,37126,0,,315,Fresno State,FRE,https://assets.unabated.com/teams/logos/cfb/FRE.svg,2,9,,,[],0001-01-01T00:00:00,,0001-01-01T00:00:00,,624
667,37819,1,,310,Ohio,OHI,https://assets.unabated.com/teams/logos/cfb/OHI.svg,2,9,,,[],0001-01-01T00:00:00,,0001-01-01T00:00:00,,667
696,37819,0,,309,Toledo,TOL,https://assets.unabated.com/teams/logos/cfb/TOL.svg,2,9,,,[],0001-01-01T00:00:00,,0001-01-01T00:00:00,,696
607,37852,1,,328,Buffalo,BUF,https://assets.unabated.com/teams/logos/cfb/BUF.svg,2,9,,,[],0001-01-01T00:00:00,,0001-01-01T00:00:00,,607
593,37852,0,,327,Akron,AKR,https://assets.unabated.com/teams/logos/cfb/AKR.svg,2,9,,,[],0001-01-01T00:00:00,,0001-01-01T00:00:00,,593
779,38646,0,,,Furman,FUR,https://assets.unabated.com/teams/logos/cfb/FUR.svg,2,10,,,[],0001-01-01T00:00:00,,0001-01-01T00:00:00,,779
632,38646,1,,,Incarnate Word,IW,,2,10,,,[],0001-01-01T00:00:00,,0001-01-01T00:00:00,,632
772,38647,0,,,Richmond,RCH,https://assets.unabated.com/teams/logos/cfb/RCH.svg,2,10,,,[],0001-01-01T00:00:00,,0001-01-01T00:00:00,,772
783,38647,1,,,Sacramento St,CSUS,https://assets.unabated.com/teams/logos/cfb/CSUS.svg,2,10,,,[],0001-01-01T00:00:00,,0001-01-01T00:00:00,,783
1073,38648,1,,,South Dakota State,SDS,https://assets.unabated.com/teams/logos/cfb/SDS.png,2,10,,,[],0001-01-01T00:00:00,,0001-01-01T00:00:00,,1073
787,38648,0,,,Delaware,DEL,https://assets.unabated.com/teams/logos/cfb/DEL.svg,2,10,,,[],0001-01-01T00:00:00,,0001-01-01T00:00:00,,787
1152,38649,1,,,Holy Cross,HC,,2,10,,,[],0001-01-01T00:00:00,,0001-01-01T00:00:00,,1152
773,38649,0,,,New Hampshire,NH,,2,10,,,[],0001-01-01T00:00:00,,0001-01-01T00:00:00,,773
1191,38650,0,,319,Southern,SU,,2,10,,,[],0001-01-01T00:00:00,,0001-01-01T00:00:00,,1191
777,38650,1,,320,Jackson St,JST,,2,10,,,[],0001-01-01T00:00:00,,0001-01-01T00:00:00,,777
711,38651,1,,304,UTSA,UTSA,https://assets.unabated.com/teams/logos/cfb/UTSA.svg,2,9,,,[],0001-01-01T00:00:00,,0001-01-01T00:00:00,,711
663,38651,0,,303,North Texas,NTX,https://assets.unabated.com/teams/logos/cfb/NTX.svg,2,9,,,[],0001-01-01T00:00:00,,0001-01-01T00:00:00,,663
651,38652,1,,324,Michigan,MICH,https://assets.unabated.com/teams/logos/cfb/MICH.svg,2,9,,,[],0001-01-01T00:00:00,,0001-01-01T00:00:00,,651
677,38652,0,,323,Purdue,PUR,https://assets.unabated.com/teams/logos/cfb/PUR.svg,2,9,,,[],0001-01-01T00:00:00,,0001-01-01T00:00:00,,677
697,38653,1,,312,Troy,TRY,https://assets.unabated.com/teams/logos/cfb/TRY.svg,2,9,,,[],0001-01-01T00:00:00,,0001-01-01T00:00:00,,697
614,38653,0,,311,Coastal Carolina,CC,https://assets.unabated.com/teams/logos/cfb/CC.svg,2,9,,,[],0001-01-01T00:00:00,,0001-01-01T00:00:00,,614
1170,38654,1,,,Montana State,MOS,,2,10,,,[],0001-01-01T00:00:00,,0001-01-01T00:00:00,,1170
1206,38654,0,,,Weber State,WBS,,2,10,,,[],0001-01-01T00:00:00,,0001-01-01T00:00:00,,1206
1147,38677,0,,,Gardner-Webb,GWB,,2,10,,,[],0001-01-01T00:00:00,,0001-01-01T00:00:00,,1147
1077,38677,1,,,William & Mary,WM,https://assets.unabated.com/teams/logos/cfb/WM.png,2,10,,,[],0001-01-01T00:00:00,,0001-01-01T00:00:00,,1077
764,38710,1,,,Samford,SAM,https://assets.unabated.com/teams/logos/cfb/SAM.svg,2,10,,,[],0001-01-01T00:00:00,,0001-01-01T00:00:00,,764
1074,38710,0,,,SE Louisiana,SEL,https://assets.unabated.com/teams/logos/cfb/SEL.png,2,10,,,[],0001-01-01T00:00:00,,0001-01-01T00:00:00,,1074
701,38711,0,,313,Central Florida,UCF,https://assets.unabated.com/teams/logos/cfb/UCF.svg,2,9,,,[],0001-01-01T00:00:00,,0001-01-01T00:00:00,,701
698,38711,1,,314,Tulane,TUL,https://assets.unabated.com/teams/logos/cfb/TUL.svg,2,9,,,[],0001-01-01T00:00:00,,0001-01-01T00:00:00,,698
689,38743,1,,308,TCU,TCU,https://assets.unabated.com/teams/logos/cfb/TCU.svg,2,9,,,[],0001-01-01T00:00:00,,0001-01-01T00:00:00,,689
637,38743,0,,307,Kansas State,KST,https://assets.unabated.com/teams/logos/cfb/KST.svg,2,9,,,[],0001-01-01T00:00:00,,0001-01-01T00:00:00,,637
1175,38776,1,,,North Dakota State,NDS,,2,10,,,[],0001-01-01T00:00:00,,0001-01-01T00:00:00,,1175
1169,38776,0,,,Montana,MONT,,2,10,,,[],0001-01-01T00:00:00,,0001-01-01T00:00:00,,1169
707,38809,1,,306,USC,USC,https://assets.unabated.com/teams/logos/cfb/USC.svg,2,9,,,[],0001-01-01T00:00:00,,0001-01-01T00:00:00,,707
709,38809,0,,305,Utah,UTH,https://assets.unabated.com/teams/logos/cfb/UTH.svg,2,9,,,[],0001-01-01T00:00:00,,0001-01-01T00:00:00,,709
535,38875,0,66,306635,NC Asheville,UNCA,,4,,,,[],0001-01-01T00:00:00,,0001-01-01T00:00:00,,535
337,38941,0,,,Wisc Milwaukee,,,4,,,,[],0001-01-01T00:00:00,,0001-01-01T00:00:00,,337
455,38943,0,,,SE Missouri State,,,4,,,,[],0001-01-01T00:00:00,,0001-01-01T00:00:00,,455
542,39040,0,,,UT Martin,,,4,,,,[],0001-01-01T00:00:00,,0001-01-01T00:00:00,,542
1202,39073,0,,,Valparaiso,VAL,,2,10,,,[],0001-01-01T00:00:00,,0001-01-01T00:00:00,,1202
661,39073,1,,,New Mexico State,NMS,https://assets.unabated.com/teams/logos/cfb/NMS.svg,2,9,,,[],0001-01-01T00:00:00,,0001-01-01T00:00:00,,661
